split,method,auroc,average_precision,recall,false_positive_rate,threshold,true_positives,false_positives,positives,negatives,identifier_groups
test,visible_parser,1.0,1.0,1.0,0.0,0.5,32,0,32,64,16
test,raw_dom,1.0,1.0,1.0,0.09375,0.3136378323844305,32,6,32,64,16
test,logistic,1.0,1.0,1.0,0.15625,-0.15094923973083496,32,10,32,64,16
test,context_tfidf,1.0,1.0,1.0,0.0,-0.6160185445341543,32,0,32,64,16
test,output_tfidf,0.875,0.6666666666666666,0.0,0.0,0.012064945309595121,0,0,32,64,16
test,shuffled_dom,0.75,0.4609659090824371,0.0,0.109375,0.05934772510102776,0,7,32,64,16
test,single_mean_bce/mean,1.0,1.0,1.0,0.078125,0.21400460175105504,32,5,32,64,16
test,single_mean_bce/ema_max,1.0,1.0,1.0,0.0625,0.4114038050174713,32,4,32,64,16
test,single_mean_bce/raw_max,1.0,1.0,1.0,0.046875,0.8679062128067017,32,3,32,64,16
test,all_mean_bce/mean,1.0,1.0,1.0,0.0,-23.668975695967674,32,0,32,64,16
test,all_mean_bce/ema_max,1.0,1.0,1.0,0.015625,1.8593127834755654,32,1,32,64,16
test,all_mean_bce/raw_max,1.0,1.0,1.0,0.0625,14.58178997039795,32,4,32,64,16
test,all_swim_uniform/mean,1.0,1.0,1.0,0.109375,-15.225852839152019,32,7,32,64,16
test,all_swim_uniform/ema_max,1.0,1.0,1.0,0.0625,44.60114135992934,32,4,32,64,16
test,all_swim_uniform/raw_max,1.0,1.0,1.0,0.046875,112.47085571289062,32,3,32,64,16
test,all_swim_softmax/mean,1.0,1.0,1.0,0.125,-11.044596926371257,32,8,32,64,16
test,all_swim_softmax/ema_max,1.0,1.0,1.0,0.046875,19.84682932806472,32,3,32,64,16
test,all_swim_softmax/raw_max,1.0,1.0,1.0,0.140625,89.20379638671875,32,9,32,64,16
test_phrasing,visible_parser,1.0,1.0,1.0,0.0,0.5,32,0,32,64,16
test_phrasing,raw_dom,1.0,1.0,0.0,0.0,0.3136378323844305,0,0,32,64,16
test_phrasing,logistic,0.75,0.7149062713583499,0.5,0.25,-0.15094923973083496,16,16,32,64,16
test_phrasing,context_tfidf,0.75,0.75,0.0,0.0,-0.6160185445341543,0,0,32,64,16
test_phrasing,output_tfidf,0.875,0.6666666666666666,0.0,0.0,0.012064945309595121,0,0,32,64,16
test_phrasing,shuffled_dom,0.49951171875,0.31436390711536644,0.0,0.0,0.05934772510102776,0,0,32,64,16
test_phrasing,single_mean_bce/mean,1.0,1.0,1.0,0.0,0.21400460175105504,32,0,32,64,16
test_phrasing,single_mean_bce/ema_max,1.0,1.0,0.5,0.0,0.4114038050174713,16,0,32,64,16
test_phrasing,single_mean_bce/raw_max,1.0,1.0,1.0,0.75,0.8679062128067017,32,48,32,64,16
test_phrasing,all_mean_bce/mean,1.0,1.0,1.0,0.0,-23.668975695967674,32,0,32,64,16
test_phrasing,all_mean_bce/ema_max,1.0,1.0,1.0,0.078125,1.8593127834755654,32,5,32,64,16
test_phrasing,all_mean_bce/raw_max,1.0,1.0,1.0,0.75,14.58178997039795,32,48,32,64,16
test_phrasing,all_swim_uniform/mean,1.0,1.0,1.0,0.0,-15.225852839152019,32,0,32,64,16
test_phrasing,all_swim_uniform/ema_max,0.763671875,0.4741415144282255,0.0,0.0,44.60114135992934,0,0,32,64,16
test_phrasing,all_swim_uniform/raw_max,0.5,0.31460429173075105,0.0,0.25,112.47085571289062,0,16,32,64,16
test_phrasing,all_swim_softmax/mean,1.0,1.0,1.0,0.0,-11.044596926371257,32,0,32,64,16
test_phrasing,all_swim_softmax/ema_max,1.0,1.0,0.0,0.0,19.84682932806472,0,0,32,64,16
test_phrasing,all_swim_softmax/raw_max,0.546875,0.32736815200043823,0.0,0.0,89.20379638671875,0,0,32,64,16
